{
  "kind": "collectionType",
  "collectionName": "shiprocket_order_items",
  "info": {
    "singularName": "shiprocket-order-item",
    "pluralName": "shiprocket-order-items",
    "displayName": "Shiprocket OrderItem"
  },
  "options": {
    "draftAndPublish": false
  },
  "pluginOptions": {},
  "attributes": {
    "name": {
      "type": "string"
    },
    "sku": {
      "type": "string"
    },
    "units": {
      "type": "integer"
    },
    "selling_price": {
      "type": "decimal"
    },
    "discount": {
      "type": "decimal"
    },
    "tax": {
      "type": "decimal"
    },
    "hsn": {
      "type": "string"
    },
    "order_item": {
      "type": "relation",
      "relation": "oneToOne",
      "target": "api::order-product.order-product",
      "inversedBy": "shiprocket_order_item"
    },
    "ship_rocket_order": {
      "type": "relation",
      "relation": "manyToOne",
      "target": "api::ship-rocket-order.ship-rocket-order",
      "inversedBy": "order_items"
    }
  }
}
