{
  "kind": "collectionType",
  "collectionName": "cart_products",
  "info": {
    "singularName": "cart-product",
    "pluralName": "cart-products",
    "displayName": "Cart Product",
    "description": ""
  },
  "options": {
    "draftAndPublish": false
  },
  "pluginOptions": {},
  "attributes": {
    "product_variant": {
      "type": "relation",
      "relation": "oneToOne",
      "target": "api::product-variant.product-variant"
    },
    "quantity": {
      "type": "integer"
    },
    "resellingPrice": {
      "type": "decimal"
    },
    "product": {
      "type": "relation",
      "relation": "oneToOne",
      "target": "api::product.product"
    },
    "user": {
      "type": "relation",
      "relation": "manyToOne",
      "target": "plugin::users-permissions.user",
      "inversedBy": "cart_products"
    }
  }
}
