{
  "kind": "singleType",
  "collectionName": "globals",
  "info": {
    "singularName": "global",
    "pluralName": "globals",
    "displayName": "Global",
    "description": ""
  },
  "options": {
    "draftAndPublish": false
  },
  "pluginOptions": {},
  "attributes": {
    "subscriptionPrice": {
      "type": "decimal"
    },
    "codPrepaidAmount": {
      "type": "decimal"
    },
    "shippingPrice": {
      "type": "decimal"
    },
    "razorpayKey": {
      "type": "string"
    },
    "razorpaySecret": {
      "type": "string"
    },
    "withdrawLimit": {
      "type": "decimal",
      "required": true
    },
    "razorpayXAccountNumber": {
      "type": "string"
    },
    "shiprocket_username": {
      "type": "string"
    },
    "shiprocket_password": {
      "type": "string",
      "private": true
    },
    "is_shiprocket_enabled": {
      "type": "boolean",
      "default": false
    },
    "token": {
      "type": "text"
    }
  }
}
