{
  "kind": "collectionType",
  "collectionName": "collections",
  "info": {
    "singularName": "collection",
    "pluralName": "collections",
    "displayName": "Collection",
    "description": ""
  },
  "options": {
    "draftAndPublish": false
  },
  "pluginOptions": {},
  "attributes": {
    "name": {
      "type": "string",
      "required": true
    },
    "tag": {
      "type": "string"
    },
    "products": {
      "type": "relation",
      "relation": "oneToMany",
      "target": "api::product.product"
    }
  }
}
