{
  "kind": "collectionType",
  "collectionName": "notifications",
  "info": {
    "singularName": "notification",
    "pluralName": "notifications",
    "displayName": "Notification",
    "description": ""
  },
  "options": {
    "draftAndPublish": false
  },
  "pluginOptions": {},
  "attributes": {
    "title": {
      "type": "string"
    },
    "description": {
      "type": "text"
    },
    "type": {
      "type": "enumeration",
      "enum": [
        "PRODUCT",
        "COLLECTION",
        "ORDER",
        "SUBSCRIPTION",
        "PROMOTION",
        "INFORMATION",
        "TRANSACTION"
      ]
    },
    "isRead": {
      "type": "boolean",
      "default": false
    },
    "image": {
      "type": "media",
      "multiple": false,
      "required": false,
      "allowedTypes": [
        "images"
      ]
    },
    "data": {
      "type": "string"
    },
    "users_permissions_user": {
      "type": "relation",
      "relation": "manyToOne",
      "target": "plugin::users-permissions.user",
      "inversedBy": "notifications"
    }
  }
}
