{
  "kind": "collectionType",
  "collectionName": "addresses",
  "info": {
    "singularName": "address",
    "pluralName": "addresses",
    "displayName": "Address",
    "description": ""
  },
  "options": {
    "draftAndPublish": false
  },
  "pluginOptions": {},
  "attributes": {
    "name": {
      "type": "string",
      "required": true,
      "unique": false
    },
    "houseNumber": {
      "type": "string",
      "required": true
    },
    "addressLine1": {
      "type": "string",
      "required": true
    },
    "pincode": {
      "type": "string",
      "required": true,
      "maxLength": 6,
      "minLength": 6
    },
    "city": {
      "type": "string",
      "required": true
    },
    "state": {
      "type": "string",
      "required": true
    },
    "country": {
      "type": "string",
      "required": true
    },
    "addressLine2": {
      "type": "string"
    },
    "user": {
      "type": "relation",
      "relation": "manyToOne",
      "target": "plugin::users-permissions.user",
      "inversedBy": "addresses"
    },
    "area": {
      "type": "string",
      "required": true
    }
  }
}
