{
  "kind": "collectionType",
  "collectionName": "sub_categories",
  "info": {
    "singularName": "sub-category",
    "pluralName": "sub-categories",
    "displayName": "Sub Category",
    "description": ""
  },
  "options": {
    "draftAndPublish": false
  },
  "pluginOptions": {},
  "attributes": {
    "name": {
      "type": "string",
      "required": true
    },
    "thumbnail": {
      "type": "media",
      "multiple": false,
      "required": true,
      "allowedTypes": [
        "images"
      ]
    },
    "category": {
      "type": "relation",
      "relation": "manyToOne",
      "target": "api::category.category",
      "inversedBy": "sub_categories"
    },
    "products": {
      "type": "relation",
      "relation": "oneToMany",
      "target": "api::product.product",
      "mappedBy": "sub_category"
    }
  }
}
