{
  "kind": "collectionType",
  "collectionName": "categories",
  "info": {
    "singularName": "category",
    "pluralName": "categories",
    "displayName": "Category",
    "description": ""
  },
  "options": {
    "draftAndPublish": false
  },
  "pluginOptions": {},
  "attributes": {
    "name": {
      "type": "string",
      "required": true,
      "unique": true
    },
    "slug": {
      "type": "uid",
      "required": true
    },
    "products": {
      "type": "relation",
      "relation": "oneToMany",
      "target": "api::product.product",
      "mappedBy": "category"
    },
    "thumbnail": {
      "type": "media",
      "multiple": false,
      "required": true,
      "allowedTypes": [
        "images"
      ]
    },
    "sub_categories": {
      "type": "relation",
      "relation": "oneToMany",
      "target": "api::sub-category.sub-category",
      "mappedBy": "category"
    }
  }
}
