{
  "kind": "collectionType",
  "collectionName": "tutorials",
  "info": {
    "singularName": "tutorial",
    "pluralName": "tutorials",
    "displayName": "Tutorial",
    "description": ""
  },
  "options": {
    "draftAndPublish": false
  },
  "pluginOptions": {},
  "attributes": {
    "thumbnail": {
      "type": "media",
      "multiple": false,
      "required": false,
      "allowedTypes": [
        "images"
      ]
    },
    "name": {
      "type": "string",
      "required": true
    },
    "video_url": {
      "type": "string",
      "required": true
    },
    "description": {
      "type": "text"
    }
  }
}
