{
  "kind": "collectionType",
  "collectionName": "banners",
  "info": {
    "singularName": "banner",
    "pluralName": "banners",
    "displayName": "Banner",
    "description": ""
  },
  "options": {
    "draftAndPublish": false
  },
  "pluginOptions": {},
  "attributes": {
    "Title": {
      "type": "string",
      "required": true
    },
    "image": {
      "type": "media",
      "multiple": false,
      "required": true,
      "allowedTypes": [
        "images"
      ]
    },
    "type": {
      "type": "enumeration",
      "enum": [
        "link",
        "product",
        "collection"
      ],
      "required": true
    },
    "data": {
      "type": "string",
      "required": true
    }
  }
}
