{
  "kind": "collectionType",
  "collectionName": "orders",
  "info": {
    "singularName": "order",
    "pluralName": "orders",
    "displayName": "Order",
    "description": ""
  },
  "options": {
    "draftAndPublish": false
  },
  "pluginOptions": {},
  "attributes": {
    "slug": {
      "type": "uid",
      "required": false
    },
    "isPaid": {
      "type": "boolean",
      "default": false,
      "required": false
    },
    "paymentID": {
      "type": "string"
    },
    "paymentSignature": {
      "type": "text"
    },
    "address": {
      "type": "relation",
      "relation": "oneToOne",
      "target": "api::address.address"
    },
    "order_products": {
      "type": "relation",
      "relation": "oneToMany",
      "target": "api::order-product.order-product",
      "mappedBy": "order"
    },
    "consumerName": {
      "type": "string",
      "required": true
    },
    "consumerPhone": {
      "type": "string",
      "required": false
    },
    "consumerEmail": {
      "type": "string",
      "required": true
    },
    "isResellerOrder": {
      "type": "boolean",
      "default": false,
      "required": true
    },
    "users_permissions_user": {
      "type": "relation",
      "relation": "manyToOne",
      "target": "plugin::users-permissions.user",
      "inversedBy": "orders"
    },
    "status": {
      "type": "enumeration",
      "enum": [
        "NEW",
        "ACCEPTED",
        "DECLINED",
        "PROCESSING",
        "INTRANSIT",
        "OUT_FOR_DELIVERY",
        "DELIVERED",
        "COMPLETED",
        "RTO",
        "RETURN_REQUEST",
        "RETURN_ACCEPTED",
        "RETURN_DECLINED",
        "RETURN_RECEIVED",
        "RETURN_PENDING"
      ],
      "required": false
    },
    "payment_mode": {
      "type": "enumeration",
      "enum": [
        "COD",
        "PREPAID",
        "WALLET"
      ],
      "required": true
    },
    "rzpayOrderId": {
      "type": "string"
    },
    "statusUser": {
      "type": "enumeration",
      "enum": [
        "CANCELLATION_REQUESTED",
        "CANCELLATION_ACCEPTED",
        "CANCELLATION_DECLINED"
      ]
    },
    "payment_log": {
      "type": "relation",
      "relation": "oneToMany",
      "target": "api::payment-log.payment-log",
      "mappedBy": "order"
    },
    "wallet": {
      "type": "relation",
      "relation": "oneToOne",
      "target": "api::wallet.wallet",
      "inversedBy": "order"
    }
  }
}
